NGO_Name,category,BIR_expiry_date,PCNC_expiry_date,website
"A Child’s Trust is Ours to Nurture (ACTION), Inc.",Education-SupportsFormalSchools/Students,09/10/2020,09/10/2020, https://www.action.org.ph/
"AAI Charity Foundation, Inc.",Education-SupportsFormalSchools/Students,04/03/2021,11/12/2022,
"Aboitiz Foundation, Inc.",SocialWelfareandDevelopment,07/27/2023,12/12/2023, https://aboitizfoundation.org/
"ABS-CBN Lingkod Kapamilya Foundation, Inc.",SocialWelfareandDevelopment,07/09/2020,07/24/2024, https://corporate.abs-cbn.com/lingkodkapamilya/
"Academe Foundation, Inc.",Education-SupportsFormalSchools/Students,06/06/2020,06/06/2020,
"Adamson- Ozanam Educational Institutions, Inc.",Education-FormalSchool,06/06/2022,06/06/2022,
"Adarna Group Foundation, Inc.",SocialWelfareandDevelopment,03/22/2021,12/12/2023, www.agfi.com.ph
"AGAPP Foundation, Inc.",Education-SupportsFormalSchools/Students,07/14/2022,07/14/2022,
"Agustin and Anita Tanco Foundation, Inc.",Education-SupportsFormalSchools/Students,10/15/2020,10/15/2020,
"AIM Scientific Research Foundation, Inc.",Research,09/09/2021,09/09/2021, https://aim.edu/
"Alagang Kapatid Foundation, Inc.",SocialWelfareandDevelopment,11/27/2020,08/28/2024, http://www.alagangkapatid.com/
Alliance Graduate School (formerlyAlliance Biblical Seminary),Education-FormalSchool,03/02/2020,03/02/2020, https://www.ags.edu.ph/
"Alvarez Foundation-Philippines, Inc.",SocialWelfareandDevelopment,06/30/2022,05/09/2023,
"AMY Foundation, Inc.",SocialWelfareandDevelopment,08/07/2019,08/07/2019, https://amyfoundationph.com/
"Ang Misyon, Inc.",CultureandArts,08/30/2020,08/30/2020, https://angmisyon.org/
"Angelicum Charitable Foundation, Inc.",Education-SupportsFormalSchools/Students,08/06/2020,08/06/2020,
"Angelo King Foundation, Inc.",Education-SupportsFormalSchools/Students,08/10/2020,10/25/2022,
"Angels of God’s Agape Foundation (AGA Foundation), Inc.",Religious,08/29/2019,08/28/2020,
"Antipolo Seminary Foundation, Inc.",SocialWelfareandDevelopment,02/18/2020,02/18/2020, http://asf.org.ph/
"Asia Society Philippine Foundation, Inc.",CultureandArts,01/24/2024,06/26/2024, https://asiasociety.org/philippines
"Asian Institute of Maritime Studies, Inc.",Education-FormalSchool,02/15/2024,02/27/2024, https://aims.ph
"Asian Theological Seminary, Inc.",Religious,02/20/2022,02/20/2022, https://www.ats.ph/
"ASKI Foundation, Inc.",SocialWelfareandDevelopment,08/28/2021,11/12/2022, https://aski.com.ph/
"ASKI School of Knowledge, Incorporated",Education-FormalSchool,,11/12/2022, www.aski.com.ph
"Cameleon Association, Inc.",SocialWelfareandDevelopment,06/29/2020,08/28/2022, https://www.cameleon-association.org/?lang=en
"Cancer Care Registry Philippines Foundation, Inc.",Health–specialized,09/10/2020,09/10/2020, https://careph.org/
"CARD-MRI Development Institute, Inc.",Education–Non-Formal/ALS,08/04/2022,08/04/2022, https://cmdi.edu.ph/
"Care Channels, Inc.",CommunityBuilding/Development,10/08/2020,10/24/2021, https://carechannels.org/where-we-are/philippines/
"Caritas Manila, Inc.",SocialWelfareandDevelopment,11/11/2022,02/21/2023, http://www.caritasmanila.org.ph/
"Cartwheel Foundation, Inc.",SocialWelfareandDevelopment,12/31/2020,12/31/2020, http://cartwheelfoundation.org/
"Caucus of Development NGO Networks, Inc.",Others,10/26/2019,06/28/2022, https://code-ngo.org/
"Cavite Institute, Inc.",Education-FormalSchool,05/08/2022,05/08/2022, http://www.caviteinstitute.edu.ph/
"CBN Asia, Inc.",Religious,12/31/2020,12/10/2024, https://cbnasia.org/home/
"CCT Kaibigan Ministry, Inc",SocialWelfareandDevelopment,12/13/2020,08/22/2021, http://cctkaibigan.blogspot.com/
"CCT Training and Development Institute, Inc.",Education–Non-Formal/ALS,04/21/2017,04/21/2019, www.cct.org.ph
"Cebu City YLAC Free School Foundation, Inc.",Education-FormalSchool,04/05/2020,04/05/2020, https://ylacschoolcebucity.wordpress.com/about/
"Crocodylus Porosus Phils., Inc.",Environment/Biodiversity,11/15/2021,08/23/2022, philippinecrocodile.com.ph
"Culion Foundation, Inc.",Health–public/community,08/07/2019,12/10/2024, www.culionfoundation.org
"CURE Philippines, Inc.",Health–public/community,09/09/2021,09/09/2021, https://cure.org/philippines/
"Dalta Jonelta Foundation, Inc.",Health–public/community,04/14/2022,11/12/2022, www.djfi.org
"DANA Foundation, Inc.",Education-SupportsFormalSchools/Students,03/05/2022,05/01/2022, www.danafoundationph.com
"De La Salle Araneta University, Inc.",Education-FormalSchool,09/09/2021,09/09/2021, http://dlsau.edu.ph/
"De La Salle-College of Saint Benilde, Inc.",Education-FormalSchool,02/02/2023,02/02/2023, www.benilde.edu.ph
"De La Salle Lipa, Inc.",Education-FormalSchool,12/14/2021,12/14/2021, dsls.edu.ph
"De La Salle – Santiago Zobel School, Inc.",Education-FormalSchool,06/13/2023,06/13/2023, www.dlszobel.edu.ph
"De La Salle University, Incorporated",Education-FormalSchool,08/29/2023,08/29/2023, www.dlsu.edu.ph
"De La Salle University Science Foundation, Inc.",Education-SupportsFormalSchools/Students,01/09/2022,12/12/2023, https://www.dlsu.edu.ph/affiliates/sfi/
"De Los Santos Family Foundation, Inc. (form.Tomas & Betty De Los Santos Foundation)",Education-SupportsFormalSchools/Students,07/18/2021,07/18/2021,
"Cebu Puericulture Center & Maternity House, Inc.",Health–public/community,09/12/2014,N/A,
"Cebuana Lhuillier Foundation, Inc",Education-SupportsFormalSchools/Students,07/14/2020,07/14/2020,
"Center for Community Transformation, Inc.",SocialWelfareandDevelopment,08/07/2020,10/12/2022, http://www.cct.org.ph/
"Center for Excellence in Special Education (Stepping Stone) Foundation, Inc.",Education–Non-Formal/ALS,12/14/2021,12/14/2021, https://www.steppingstone.ph/
"Center for Research and Communication Foundation, Inc.",Research,12/15/2022,12/15/2022, https://www.uap.asia/
"Center for the Prevention and Treatment of Child Sexual Abuse (CPTCSA), Inc.",SocialWelfareandDevelopment,04/11/2022,11/12/2022, http://cptcsaph.org/
Cerecare Philippines Foundation Inc.,Education–Non-Formal/ALS,11/06/2021,02/21/2023, http://cerecare.org.ph/
"CFC Ancop Global Foundation, Inc. (formerly CFC ANCOP TEKTON Foundation, Inc.)",CommunityBuilding/Development,10/08/2020,05/09/2023, https://www.cfcancop.org/
"Chiang Kai Shek College, Inc.",Education-FormalSchool,09/26/2023,09/26/2023, https://www.cksc.edu.ph/
"Child Health In Life and Development Foundation (C.H.I.L.D), Inc.",Health–specialized,05/23/2020,06/28/2020, https://www.icapcharityday.com/
"Child Protection Network Foundation, Inc.",SocialWelfareandDevelopment,08/28/2020,08/28/2020, https://www.childprotectionnetwork.org/
"Children International (Manila) Inc. (Formerly Abot-Kamay, Inc.)",SocialWelfareandDevelopment,01/31/2017,01/31/2017, http://www.childreninternational.ph/
"Assisi Development Foundation, Inc.",SocialWelfareandDevelopment,09/17/2021,12/12/2023, http://www.assisi-foundation.org/
"Association of Foundations Phils., Inc.",Others,09/17/2020,12/06/2021, http://afonline.org/
"Assumption College, Inc.",Education-FormalSchool,11/08/2021,11/08/2021, https://www.assumption.edu.ph/
Ateneo de Davao University,Education-FormalSchool,04/05/2022,04/05/2022, http://www.addu.edu.ph/
"Ateneo de Iloilo, Inc.",Education-FormalSchool,06/13/2021,10/06/2021, http://www.smcs.adi.edu.ph/
"Ateneo de Manila University, Inc.",Education-FormalSchool,04/05/2022,05/04/2022, http://www.ateneo.edu/
Ateneo de Naga University,Education-FormalSchool,03/31/2020,03/31/2020, https://www.adnu.edu.ph/
"Ateneo de Zamboanga University, Inc.",Education-FormalSchool,03/31/2020,03/31/2020, https://www.adzu.edu.ph/
"Ateneo Scholarship Foundation, Inc.",Education-SupportsFormalSchools/Students,06/28/2020,11/12/2024, https://ateneo.edu/alumni/ateneo-scholarship-foundation
"AY Foundation, Inc.",Education-SupportsFormalSchools/Students,05/20/2021,09/27/2022, https://ayfoundation.com.ph/
"Ayala Foundation, Inc.",SocialWelfareandDevelopment,12/31/2020,12/31/2020, https://www.ayalafoundation.org/
"Balay Dalangpan Sg Kabataan Foundation, Inc.",SocialWelfareandDevelopment,02/04/2021,02/04/2021, http://balaydalangpan.org/
Children International (Quezon City) Inc.,SocialWelfareandDevelopment,10/30/2019,10/30/2019, https://www.children.org/see-the-impact/where-we-work/asia-philippines
"Children’s Heart Foundation, Inc.",Health–public/community,08/23/2020,05/01/2022, http://www.childrensheart.org.ph/
"Children’s Hour Philippines, Inc.",Others,09/17/2021,01/25/2022, https://www.childrenshour.org.ph/
"Children’s Joy Foundation, Inc.",CommunityBuilding/Development,08/30/2020,08/30/2020, https://childrensjoyfoundation.org/
"Children’s Mission Philippines Hills of Grace Foundation, Inc.",SocialWelfareandDevelopment,02/12/2020,06/27/2021, http://www.cmp.ph/
"Chosen Children Village Foundation, Inc.",SocialWelfareandDevelopment,10/07/2021,03/20/2023, https://chosenchildrenfoundation.com/
"Christ The King College-San Fernando City, La Union",Education-FormalSchool,03/15/2022,03/15/2022, www.ckcluphil.net
"Christian Mission Service Philippines (CMSP), Inc.",SocialWelfareandDevelopment,12/28/2020,12/10/2022, http://cms.org.ph/
"Christ’s Commission Foundation Ministries, Inc.",SocialWelfareandDevelopment,02/20/2020,06/28/2022,
"CI Philippines, Inc. (formerly CI-Philippines Housing Foundation, Inc.)",SocialWelfareandDevelopment,09/11/2022,12/10/2022,
"Cityland for Social Progress Foundation, Inc.",CommunityBuilding/Development,12/17/2020,08/22/2023,
"Cityland Foundation, Inc.",SocialWelfareandDevelopment,12/17/2020,02/25/2021,
"Ballet Philippines Foundation, Inc.",CultureandArts,05/08/2022,05/08/2022, https://ballet.ph/
"Bantayog Ng Mga Bayani Foundation, Inc.",Others,06/15/2018,12/12/2021, http://www.bantayog.org/
"Bato-Balani Foundation, Inc.",SocialWelfareandDevelopment,04/03/2024,11/12/2024, http://www.batobalani.org.ph/
"Bayan Academy for Social Entrepreneurship and Human Resource Development, Inc.",SocialWelfareandDevelopment,10/28/2020,01/23/2024, https://www.bayanacademy.org/
"BDO Foundation, Inc.",SocialWelfareandDevelopment,12/31/2020,12/31/2020, https://www.bdo.com.ph/foundation/home
"Beacon International School Foundation, Inc.",Education-FormalSchool,12/31/2020,12/31/2020, https://www.beaconschool.ph/
"Bert Lozada Foundation, Inc.",YouthDevelopmentandSports,12/07/2020,05/01/2022, https://bertlozadafoundation.org/
"Biblical Seminary of the Philippines, Inc.",Education-FormalSchool,12/13/2021,09/27/2022, https://bsop.edu.ph/
"Clara O. Corpus Foundation, Inc.",Education-FormalSchool,07/25/2020,08/28/2024,
"Claudio Teehankee Foundation, Inc. (form. Chief Justice Claudio Teehankee Memorial Foundation, Inc.",Education-FormalSchool,05/30/2020,11/12/2022, teehankeeruleoflaw.org
"Cleft Foundation, Inc.",Health–public/community,02/27/2020,02/26/2023, www.cleft-foundation.com
"Coalition for Bicol Development, Inc.",CommunityBuilding/Development,03/20/2020,02/27/2022,
"Coastal Conservation and Education Foundation, Inc.",Environment/Biodiversity,08/23/2020,08/28/2022, https://www.coast.ph/
"Coca-Cola Foundation Philippines, Inc.",Education-SupportsFormalSchools/Students,12/26/2020,09/26/2023, coca-colafoundation.ph
Community and Family Services International,SocialWelfareandDevelopment,11/27/2020,12/12/2023, www.cfsi.ph
"Concordia Children’s Services, Inc.",SocialWelfareandDevelopment,10/22/2020,06/27/2023, https://concordiachildrens.org/
"Bidlisiw Foundation, Inc.",SocialWelfareandDevelopment,09/17/2021,08/22/2023, https://www.bidlisiwfoundation.org/
"Bonifacio Art Foundation, Inc.",CultureandArts,08/28/2020,08/28/2020, https://www.themindmuseum.org/about-us/bonifacio-art-foundation-inc
"BP Cebu Foundation, Inc.",CommunityBuilding/Development,01/06/2021,01/06/2021, https://bukaspaladcebufoundation.org/
"Buddhist Compassion Relief Tzu Chi Foundation Philippines, Inc.",SocialWelfareandDevelopment,09/17/2020,01/23/2024, http://www.tzuchi.org/
"Conrado and Ladislawa Alcantara Foundation, Inc.",SocialWelfareandDevelopment,08/23/2020,05/15/2021, https://alcantarafoundation.wordpress.com/
"Consuelo Chito Madrigal Foundation, Inc.",SocialWelfareandDevelopment,03/12/2020,08/17/2020, chitomadrigalfoundation.org
"Cor Jesu College Br. Polycarp Institute for Community Development Foundation, Inc.",CommunityBuilding/Development,09/10/2020,09/10/2020, http://cjc-bsh.org/
"CRIBS Foundation, Inc.",SocialWelfareandDevelopment,09/09/2021,09/09/2021, www.cribsfoundation.com
"Defending Family Values Foundation, Inc.",SocialWelfareandDevelopment,07/09/2020,03/30/2022,
"Diwa ng Magdalo Foundation, Inc.",Education-SupportsFormalSchools/Students,07/25/2020,09/25/2022, www.magdalofoundation.org
"DMIRIE Foundation, Inc.",SocialWelfareandDevelopment,12/15/2020,12/15/2020, www.dmiriefoundation.com
"Don Antonio O. Floirendo, Sr. Foundation, Inc.",SocialWelfareandDevelopment,07/19/2021,06/26/2024, http://www.anflocor.com/aof/
"Don Bosco Boy’s Home, Inc.",SocialWelfareandDevelopment,09/17/2021,11/12/2022, https://sites.google.com/site/donboscoboyshomeliloan/home
"Don Bosco College, Inc.",Education-FormalSchool,11/21/2023,05/01/2024, donboscocanlubang.edu.ph
"Don Bosco Foundation of the Philippines, Inc.",Education–Technical/Vocational,04/14/2022,12/10/2024,
"Don Bosco Technical Institute Tarlac, Inc.",Education–Technical/Vocational,10/11/2021,10/11/2021, https://www.donboscotarlac.com/
"Don Bosco Technology Center, Inc.",Education–Technical/Vocational,08/02/2021,08/02/2021, www.dbts-cebu.edu.ph
"Don Bosco Training Center – San Jose, Inc.",Education–Technical/Vocational,12/28/2011,N/A,
"Dr. Pablo O. Torre Foundation, Inc.",SocialWelfareandDevelopment,03/01/2018,03/30/2020, https://dpotfi.wordpress.com/
"Du-Baladad and Associates (DBD Law) Foundation, Inc.",Education-SupportsFormalSchools/Students,10/23/2020,12/10/2022, https://www.bdblaw.com.ph/index.php/foundation-home
"Henry Sy Foundation, Inc.",Others,03/20/2020,09/26/2021, https://www.sm-foundation.org/who-we-are/affiliates/henry-sy-foundation
"Hermano (San) Miguel Febres Cordero Medical Education Foundation (De La Salle Medical and Health Sciences Institute), Inc.",Education-FormalSchool,02/04/2024,02/04/2024, www.dlshsi.edu.ph
"Homer Foundation, Inc.",Education-SupportsFormalSchools/Students,03/17/2019,10/24/2023, https://www.facebook.com/homerwecare/
"Honda Foundation, Inc.",Others,07/10/2022,11/12/2022, Executive Director / Trustee-Corp. Sec.
"Hope Worldwide Philippines, Inc.",SocialWelfareandDevelopment,02/12/2020,12/12/2023, www.hopewwph.org
"HopeNow Philippines Foundation, Inc.",Health–public/community,11/07/2020,11/07/2020, www.hopenow.ph
"ICA Greenhills Scholarship Foundation, Inc.",Education-FormalSchool,10/11/2021,10/11/2021, www.icagh.edu.ph
"ICCP Group Foundation, Inc.",SocialWelfareandDevelopment,10/30/2021,12/06/2021,
"ICTSI Foundation, Inc.",SocialWelfareandDevelopment,03/01/2021,03/01/2021, https://www.ictsi.com/what-we-do/ictsi-foundation-inc
"Igan Ng Pilipinas Foundation, Inc.",SocialWelfareandDevelopment,02/22/2021,12/06/2021, https://www.igan.org.ph/
"Ignajo Foundation, Inc.",SocialWelfareandDevelopment,05/15/2020,05/15/2020,
"Ilijan Community Development Foundation, Inc.",Education–Technical/Vocational,08/30/2020,08/30/2020,
"Great and Bountiful Blessings Foundation, Inc.",SocialWelfareandDevelopment,12/14/2021,12/14/2021,
"GreenEarth Heritage Foundation, Inc.",Environment/Biodiversity,03/01/2020,11/12/2024, www.greenearthheritage.org
"GT Foundation, Inc. (formerly GT-Metro Foundation, Inc.)",SocialWelfareandDevelopment,02/27/2020,02/26/2025, www.gtmetro.org
"Guanella Center, Inc.",SocialWelfareandDevelopment,03/30/2018,08/17/2020, www.servantsofcharity.org
"H.A.R.I. Foundation, Inc.",Education-SupportsFormalSchools/Students,10/15/2020,09/25/2022, https://www.hyundai.ph/corporate/hari-foundation
"H E R O  Foundation, Inc.",Education-SupportsFormalSchools/Students,10/21/2022,05/01/2024, www.herofoundation.com.ph
"Habitat for Humanity Philippines Foundation, Inc.",SocialWelfareandDevelopment,09/24/2020,09/24/2020, www.habitat.org.ph
"Hands of Love Philippines Foundation, Inc.",SocialWelfareandDevelopment,01/23/2020,01/22/2025, https://holpfi.org/
"Hands On Manila Foundation, Inc.",Education–Non-Formal/ALS,05/17/2020,09/27/2022, www.handsonmanila.org.ph
"Haribon Foundation for the Conservation of Natural Resources, Inc.",Environment/Biodiversity,06/28/2020,12/10/2022, www.haribon.org.ph
"Health Education Environment Discipleship Foundation, Inc.",SocialWelfareandDevelopment,06/29/2024,08/28/2024, www.heed.org.ph
"Health Futures Foundation, Inc.",Health–public/community,03/26/2021,12/06/2021, www.healthfuturesfoundation.com
"Fellowship of Christians in Government, Inc. (FOCIG)",Others,06/24/2022,07/24/2022, www.focig.com
"FFCCCII Foundation, Inc.",SocialWelfareandDevelopment,05/09/2021,02/22/2022, www.ffcccii.com.ph
Filipino Wars Veterans Foundation (FILVETS) Incorporated,SocialWelfareandDevelopment,07/07/2020,07/07/2020, www.filvets.net
"Fo Guang Shan Foundation, Inc.",Education-FormalSchool,08/30/2020,08/30/2020, https://guangmingcollege.edu.ph/
"Food for Hungry Minds School, Inc.",Education-FormalSchool,10/26/2022,05/09/2023, www.foodforhungryminds.org
"Foundation for Information Technology Education and Development, Inc.",Education-SupportsFormalSchools/Students,10/18/2022,05/19/2023, www.fit-ed.org
"Foundation for Liberty and Prosperity, Inc.",Research,04/05/2020,02/26/2023, http://libpros.com
"Foundation for the Development of Agusanons, Inc.",SocialWelfareandDevelopment,10/26/2020,12/12/2023, https://www.facebook.com/fdai.ph/
"Fr. Al’s Children Foundation, Inc.",SocialWelfareandDevelopment,06/15/2020,06/15/2020, www.facfi.org.ph
"France-Philippines United Action Foundation, Inc.",SocialWelfareandDevelopment,09/20/2019,02/21/2021, https://www.fpua.org.ph/
"Frere (Saint) Benilde Romancon Educational Foundation, Inc. – De La Salle Univer",Education-FormalSchool,09/24/2020,09/24/2020, www.dlsud.edu.ph
"Friends of Hope, Inc.",SocialWelfareandDevelopment,06/13/2023,06/13/2023, www.friendsofhope.ph
"Friends of Verbum Dei, Inc.",Religious,08/04/2020,08/04/2020, https://www.verbumdeiphilippines.com/quezon-city.html
"Fundacion Santiago, Inc.",SocialWelfareandDevelopment,09/09/2021,09/09/2021, fundacionsantiago.ngo.ph
"Gabriel Taborin College of Davao Foundation, Inc.",Education-FormalSchool,06/17/2022,06/17/2022, www.Taborin.com
"Gawad Kalinga Community Development Foundation, Inc.",SocialWelfareandDevelopment,09/12/2019,01/23/2022, www.gk1world.com
"Gawad Metronian Educational Foundation, Inc.",Education-FormalSchool,09/20/2019,03/20/2021, www.gawadmetronian.org
"Global Commission Fellowship Foundation, Inc.",SocialWelfareandDevelopment,01/23/2020,01/22/2021, https://www.facebook.com/gcffoundation
"Global Environment and Nature Ecosystems Society (Phil.) Foundation (GENESYS), Inc.",Environment/Biodiversity,04/05/2020,04/05/2020,
"Global Peace Festival Foundation Philippines, Inc.",CommunityBuilding/Development,11/27/2020,03/20/2021, http://www.globalpeacephilippines.org/
"Global Reciprocal Colleges, Inc.",Education-FormalSchool,03/13/2022,03/13/2022, www.grc.edu.ph
"GMA Kapuso Foundation, Inc.",SocialWelfareandDevelopment,01/24/2021,08/22/2023, www.kapusofoundation.com
"Gokongwei Brothers Foundation, Inc.",Education-SupportsFormalSchools/Students,08/30/2023,05/01/2024, https://www.gokongweibrothersfoundation.org/
"Gonzalo and Carmen Abaya Memorial Foundation (GCAMFI), Inc.",Education-SupportsFormalSchools/Students,05/08/2022,05/08/2022,
"Evangelion Foundation, Inc.",Religious,09/22/2018,10/25/2022, evangelionfoundation.org
"Everest Academy, Inc.",Education-FormalSchool,10/10/2021,10/10/2021, www.everestmanila.com
"Every Nation Leadership Institute, Inc. (formerly Victory Leadership Institute, Inc.)",Education-FormalSchool,10/19/2023,10/19/2023, www.enli.org.ph
"F.U.S.E. Foundation (For the Upgrading of Standard of Education),Inc.",Education-SupportsFormalSchools/Students,08/30/2022,05/09/2023, www.fuse.org.ph
"Faith Academy, Inc.",Education-FormalSchool,03/06/2021,03/06/2021, https://faith.edu.ph/
"Family Cooperation Health Services Foundation, Inc.",Health–public/community,03/26/2020,06/26/2022, www.famcohsef.org
"Far East Broadcasting Company (Philippines), Inc.",Religious,08/28/2023,12/12/2023, www.febc.org.ph
"Febias College of Bible, Inc.",Education-FormalSchool,05/08/2023,09/26/2023, www.febias.edu.ph
"Feed The Children Philippines, Inc.",SocialWelfareandDevelopment,03/05/2020,10/15/2020, www.ftcphils.org
"Fei Hua Good News Foundation, Inc.",Others,08/03/2020,08/03/2020,
"Felicidad T. Sy Foundation, Inc.",Others,03/20/2020,01/23/2024,
"Felix G. Yusay Foundation, Inc.",SocialWelfareandDevelopment,12/08/2019,02/21/2021,
"Dualtech Training Center Foundation, Inc.",Education–Technical/Vocational,12/14/2021,12/14/2021, www.dualtech.org.ph
"Dynamic Teen Company-Making a Difference, Inc.",Education-SupportsFormalSchools/Students,,07/24/2022, www.dtc.org.ph
"DZRV Radio Veritas Foundation, Inc.",SocialWelfareandDevelopment,05/15/2021,11/12/2022,
"E. Zobel Foundation, Inc.",SocialWelfareandDevelopment,09/17/2021,12/10/2024, www.enriquezobelfoundation.org
"Earth Day Network Philippines, Inc.",Environment/Biodiversity,05/15/2020,05/15/2020, http://www.earthdayphils.org
"Educational Research and Development Assistance (ERDA), Foundation, Inc.",SocialWelfareandDevelopment,03/20/2020,05/09/2023, www.erda.ph
Emergency Rescue Unit Foundation Phil. Inc.,SocialWelfareandDevelopment,09/10/2021,02/27/2024, www.eruf161.com.ph
"End Child Prostitution, Child Pornography, and the Trafficking of Children for Sexual Purposes (ECPAT-Philippines), Inc.",SocialWelfareandDevelopment,12/10/2020,11/12/2022, https://www.endslaverynow.org/ecpat-philippines
"ERDA TECH Foundation, Inc.",Education–Technical/Vocational,09/09/2021,09/09/2021, www.erdatech.edu.ph
"Ernesto Asay Yu Foundation, Inc.",Education-SupportsFormalSchools/Students,08/30/2020,08/30/2020, www.eayfph.org
"Eugenio Lopez Foundation, Inc.",CultureandArts,12/31/2020,12/31/2020, www.lopez-museum.com
"European International School, Inc.",Education-FormalSchool,02/08/2023,07/25/2023, www.eis-manila.org
"Jaime V. Ongpin Foundation, Inc.",Environment/Biodiversity,09/16/2021,12/10/2022, www.jvofi.org
"JD Pamana Foundation, Inc.",Education-SupportsFormalSchools/Students,10/10/2021,10/10/2021, www.jdpamana.com
"Jesus V. del Rosario Foundation, Inc.",SocialWelfareandDevelopment,01/16/2020,07/26/2022,
"Jetti Foundation International, Inc.",Education-SupportsFormalSchools/Students,02/28/2019,09/26/2021,
"Jollibee Group Foundation, Inc.",SocialWelfareandDevelopment,09/09/2021,09/09/2021, https://www.jollibeefoundation.org/
"Juanito I. King Foundation, Inc.",SocialWelfareandDevelopment,07/07/2020,07/07/2020, jikfi.org
"Justice Peace, and Integrity of Creation-Integrated Development Center, Inc.",SocialWelfareandDevelopment,11/07/2020,11/07/2020, www.jpic-idc.org.ph
"Kabang Kalikasan Ng Pilipinas Foundation, Inc.",Environment/Biodiversity,11/23/2017,11/12/2024, www.wwf.org.ph
"Kaibigan Ermita Outreach Foundation, Inc.",SocialWelfareandDevelopment,07/01/2021,12/12/2023, kaibiganfoundation.weebly.com
"Kaisa Heritage Foundation, Inc.",CultureandArts,04/01/2020,06/27/2023, www.kaisa.org.ph
"Kaisahang Buhay Foundation, Inc.",SocialWelfareandDevelopment,04/04/2019,12/06/2019, www.kbf.ph
"Kalaw Ledesma Foundation, Inc.",CultureandArts,06/03/2022,08/28/2022, www.klfi.ph
"Kalinangan Youth Foundation, Inc.",YouthDevelopmentandSports,05/24/2020,08/23/2022, http://kalfi.org/
"Kalipay Negrense Foundation, Inc.",SocialWelfareandDevelopment,11/27/2021,05/01/2024, www.kalipay.org
"Kapampangan Development Foundation, Inc.",SocialWelfareandDevelopment,01/26/2019,01/26/2019, kapampangandevelopmentfoundation.org
"Kapatiran Kaunlaran Foundation, Inc.",SocialWelfareandDevelopment,05/15/2020,05/15/2020, www.kkfi.org.ph
"Kasagana-Ka Development Center, Inc.",Education–Non-Formal/ALS,04/26/2020,10/25/2020, http://kcoop.org.ph/index.php
"Kasama Kita sa Barangay Foundation, Inc.",Education–Technical/Vocational,05/08/2022,05/08/2022, https://www.facebook.com/kksbfi/
"Kasilak Development Foundation, Inc.",CommunityBuilding/Development,12/21/2019,02/27/2024, https://www.facebook.com/pages/category/Nonprofit-Organization/Kasilak-Development-Foundation-Inc
"Katipunan ng Mamamayan ng Bagong Pilipinas Foundaiton, Inc.",SocialWelfareandDevelopment,09/10/2020,09/10/2020,
"KC Philippines Foundation, Inc.",Education-SupportsFormalSchools/Students,06/14/2019,01/23/2020, www.kofc.org.ph
"KEITECH Educational Foundation, Inc. (formerly Kananga-EDC Educational Foundatio",Education–Technical/Vocational,08/02/2021,08/02/2021, www.keitech.org
"Kidney Foundation of the Philippines, Inc.",Health–public/community,12/31/2019,06/28/2020, www.kfp.org.ph
"Knowledge Channel Foundation, Inc.",SocialWelfareandDevelopment,09/24/2020,09/24/2020, www.knowledgechannel.org
"Ilog Kinderhome Foundation, Inc.",SocialWelfareandDevelopment,03/12/2020,02/21/2023,
"Imus Unida Christian School, Inc.",Education-FormalSchool,08/02/2021,08/02/2021, www.iucsph.com
"ING Foundation Philippines, Inc.",Education-FormalSchool,05/24/2021,07/25/2023,
"Institute of Social Order, Inc.",CommunityBuilding/Development,01/24/2021,06/26/2024, http://www.iso.org.ph
"International Bazaar Foundation, Inc.",SocialWelfareandDevelopment,04/05/2020,04/05/2020,
"International Care Ministries Foundation, Inc.",SocialWelfareandDevelopment,12/31/2020,12/31/2020, www.caremin.com
"International Center for Innovation, Transformation  and Excellence in Governance (INCITEGov), Inc.",Others,12/06/2021,12/06/2022, http://incitegov.org.ph/
"International Graduate School of Leadership, Inc. (formerly Int’l. School of The",Education-FormalSchool,09/24/2020,09/24/2020, www.igsl.asia
"International Sheng Zhen Society Foundation, Incorporated",Health–public/community,03/13/2022,03/13/2022, www.shengzhen.org
"IPI Foundation, Inc.",SocialWelfareandDevelopment,10/13/2017,01/27/2021, http://ipi-phil.com/ipi-foundation/
"Isla Lipana & Co., Foundation, Inc.",Education-SupportsFormalSchools/Students,12/22/2019,08/23/2020,
"J. Amado Araneta Foundation, Inc.",Others,05/15/2021,06/26/2022,
"Kythe, Inc.",Health–public/community,11/15/2020,01/27/2021, www.kythe.org
"La Proteccion de la Infancia, Inc.",Health–public/community,09/29/2019,06/26/2020, www.gotadeleche.com
"La Salle Academy, Inc.",Education-FormalSchool,04/05/2021,04/05/2021,
"La Salle University-Ozamiz, Inc.",Education-FormalSchool,05/07/2020,05/07/2020, www.lsu.edu.ph
"Lao Foundation, Inc.",SocialWelfareandDevelopment,05/08/2021,05/01/2022, https://www.facebook.com/LaoFoundationInc
"LBC Hari ng Padala Foundation, Inc.",Education-SupportsFormalSchools/Students,09/25/2020,07/25/2021, https://www.facebook.com/LBCFoundation/
"League of Corporate Foundations, Inc.",Others,10/28/2020,10/28/2020, www.lcf.org.ph
"Let’s Save The Brain Foundation, Inc.",Health–public/community,10/25/2020,05/01/2022, www.letssavethebrain.org
"Ligaya Ng Panginoon Foundation, Inc.",Religious,11/09/2021,11/09/2021, www.lnp.org.ph
"LINK Center for the Deaf, Inc.",SocialWelfareandDevelopment,09/03/2020,08/24/2021, linkcenterforthedeaf.org
"Little Bamboo Foundation, Incorporated",SocialWelfareandDevelopment,11/15/2020,02/21/2021, www.littlebamboo.org
"Little Children of the Philippines Foundation, Inc.",SocialWelfareandDevelopment,04/21/2022,07/24/2024, www.littlechildren.org
"Lopez Group Foundation, Inc.",CommunityBuilding/Development,06/18/2022,12/12/2023, www.lopezgroup.org
"Madre de Amor Foundation, Inc.",Health–specialized,10/28/2020,10/28/2020, http://www.hospice.org.ph/
"Mahintana Foundation, Inc.",SocialWelfareandDevelopment,08/23/2021,08/23/2021, mahintana.org
"Makati Business Club, Inc.",CommunityBuilding/Development,08/05/2023,07/24/2024, mbc.com.ph
"Malampaya Foundation, Inc.",Environment/Biodiversity,,02/27/2022, https://www.malampayafoundation.org/
"Manila Metropolitan Cathedral – Basilica Foundation, Inc.",CultureandArts,08/06/2024,08/06/2024, http://manilacathedral.com.ph/
"Manila Water Foundation, Inc.",CommunityBuilding/Development,08/01/2020,06/28/2022, https://manilawaterfoundation.org/
"Mano Amiga Academy, Inc.",Education-FormalSchool,10/11/2021,10/11/2021, https://www.manoamigaph.org/
"Manuel S. Enverga University Foundation, Inc.",Education-FormalSchool,02/26/2023,10/24/2023, www.mseuf.edu.ph
"Marie Eugenie Institute, Inc.",Education-SupportsFormalSchools/Students,03/01/2021,03/01/2021,
"Masbate Ikthus Christian School, Inc.",Education-SupportsFormalSchools/Students,,01/22/2025,
"MASICAP MSME Development Foundation, Inc.",Education-SupportsFormalSchools/Students,03/02/2022,03/02/2022, www.geocities.com/masicap2min
"Maynilad Cultural Foundation, Inc.",CultureandArts,10/25/2021,10/25/2021,
"Megawide Corporate Foundation, Inc.",Education-SupportsFormalSchools/Students,02/05/2020,05/01/2022, https://megawide.com.ph/megawidefoundation/
"Megaworld Foundation, Inc.",Education-SupportsFormalSchools/Students,12/31/2020,12/12/2023, www.megaworldfoundation.com
"Mercury Drug Foundation, Inc.",Health–public/community,06/20/2020,06/28/2022, www.mercurydrugfoundation.org
"Metrobank Foundation, Inc.",Education-SupportsFormalSchools/Students,11/25/2021,06/27/2023, www.mbfoundation.org.ph
"Metropolitan Museum of Manila Foundation, Inc.",CultureandArts,11/17/2020,05/01/2022, https://metmuseum.ph/
"MGC New Life Christian Academy, Inc.",Education-FormalSchool,10/12/2022,02/21/2023, mgcnewlife.ph
"Mindanao Land Acquisition Housing and Development Foundation, Inc.",CommunityBuilding/Development,10/10/2021,10/10/2021, www.minland.ph
"Mindoro Biodiversity Conservation Foundation, Inc.",Environment/Biodiversity,08/06/2022,08/06/2022, www.mbcfi.org.ph
"Miriam College Foundation, Inc.",Education-FormalSchool,08/04/2021,07/25/2023, https://www.mc.edu.ph/
"Missionaries of the Sacred Heart Mission Office, Philippines, Inc.",Religious,07/19/2021,06/26/2022, https://philippines.mscmission.org/
"Monark Foundation, Inc.",Education-SupportsFormalSchools/Students,07/15/2020,07/15/2020, www.monarkfoundation.org
"Operation Blessing Foundation Philippines, Inc.",SocialWelfareandDevelopment,10/08/2018,08/17/2020, www.obphil.com
"Operation Compassion Philippines, Inc.",DisasterReliefand/orRehabilitation,05/15/2020,05/15/2020,
"Operation Smile Philippines Foundation, Inc.",Health–public/community,06/15/2020,06/15/2020, www.operationsmile.org.ph
"Ophthalmological Foundation of the Phils., Inc.",Health–public/community,09/06/2018,05/15/2021, www.ofphil.org
"Oscar & Ginny Foundation, Inc.",Others,06/26/2020,09/27/2020,
"Oscar M. Lopez Center for Climate Change Adaptation & Disaster Risk Management Foundation, Inc.",Environment/Biodiversity,08/29/2022,10/24/2023, www.omlopezcenter.org
"P & A Foundation, Inc.",Education-SupportsFormalSchools/Students,12/05/2022,09/25/2024, www.punongbayan-araullo.com
"Pag-Asa Social Center Foundation, Inc.",SocialWelfareandDevelopment,04/05/2020,04/05/2020, www.pagasasocialcenter.org
"PAREF Southridge Night School Development Foundation, Inc.",Education-FormalSchool,05/02/2021,05/01/2022, www.southridge.edu.ph
"PAREF-Woodrose School, Inc.",Education-FormalSchool,09/09/2021,09/09/2021, parefwoodrose.edu.ph
"Partnership of Philippine Support Service Agencies Association, Inc.",CommunityBuilding/Development,10/23/2020,02/21/2021, www.philssa.org.ph
"PASAR Foundation, Inc.",SocialWelfareandDevelopment,12/31/2020,05/01/2024, www.pasar.net.ph
"Montfort Technical Institute (MTI), Inc.",Education-FormalSchool,07/18/2021,07/18/2021,
"Mother Rosa Memorial Foundation, Inc. Doing Business under the Name and Style of Assumpta Technical High School",Education-FormalSchool,03/06/2021,03/06/2021,
"Motortrade Life and Livelihood Assistance Foundation, Inc.",SocialWelfareandDevelopment,12/18/2019,10/24/2021,
"Mount Apo Foundation, Inc.",SocialWelfareandDevelopment,08/24/2019,08/24/2019, www.mafi.org.ph
"Multinational Foundation, Inc.",EnterpriseDevelopment/Livelihood,01/23/2020,01/22/2025, http://www.mib.com.ph/Profile_MFI.php
"Museo Ng Kaalamang Katutubo, Inc. (form. Museo Mg Katutubo, Inc.)",CultureandArts,08/30/2020,08/30/2020,
"Museo Pambata  Foundation, Inc.",CultureandArts,12/31/2020,12/31/2020, www.museopambata.org
"MVP Sports Foundation, Inc.",YouthDevelopmentandSports,03/06/2021,03/06/2021, www.mvpsf.ph
"Natasha Goulbourn Foundation, Inc.",Health–public/community,08/06/2020,08/06/2020, http://www.ngf-hope.org/
"Negrense Volunteers for Change Foundation, Inc.",SocialWelfareandDevelopment,12/31/2020,12/31/2020, www.nvcfoundation-ph.org
"NFS Foundation Ministry, Inc.",SocialWelfareandDevelopment,10/30/2021,11/12/2024, www.nfsfoundation.ph
"Ninoy and Cory Aquino Foundation, Inc.",Others,10/06/2022,10/06/2022, coryaquino.ph
"Noordhoff Craniofacial Foundation Philippines, Inc. doing business under the name and style of NCFPI",Health–specialized,04/14/2022,12/10/2024, http://www.ncfphil.org/
"NORFIL Foundation, Inc.",SocialWelfareandDevelopment,04/21/2021,04/21/2021, www.norfil.com.ph
"North Negros Community Development Foundation, Inc.",Education-FormalSchool,02/27/2021,08/22/2021,
"Norwegian Maritime Foundation of the Philippines, Inc.",Education-SupportsFormalSchools/Students,11/08/2018,10/25/2020, www.ntcm.com.ph
"Notre Dame Business Resource Center Foundation, Inc.",SocialWelfareandDevelopment,05/09/2019,12/06/2021,
"Notre Dame Educational Association, Inc.",Education-SupportsFormalSchools/Students,,11/12/2024, ndea.org.ph
"Nth Millennium Foundation of the Philippines, Inc.",Others,04/05/2020,N/A,
"Nutrition Foundation of the Philippines, Inc.",Health–public/community,07/07/2020,07/07/2020, www.nfp.org.ph
"NYK-TDG Friendship Foundation, Inc.",Education-SupportsFormalSchools/Students,04/10/2022,08/28/2022, http://www.tdgworld.com/CommunityInitiatives.aspx
"Odyssey Foundation,Inc.",SocialWelfareandDevelopment,08/28/2020,08/28/2020, www.cdo.com.ph
"Old Balara Christian Community School, Inc.",Education-FormalSchool,10/10/2021,10/10/2021,
"One Meralco Foundation, Inc. (formerly Meralco Millennium Foundation, Inc.)",SocialWelfareandDevelopment,04/05/2022,04/05/2022, meralco.com.ph
"Passerelles Numeriques Philippines Foundation, Inc.",Education-SupportsFormalSchools/Students,05/15/2020,05/15/2020, https://www.passerellesnumeriques.org/en/
"Pearl S. Buck Foundation-Philippines, Inc.",SocialWelfareandDevelopment,06/29/2017,03/18/2020,
"People Engaged In People Projects Foundation, Inc.",CommunityBuilding/Development,09/18/2020,05/09/2023, https://peppi.ph/
"Petron Foundation, Inc.",Education-SupportsFormalSchools/Students,09/28/2022,02/21/2023, www.petronfoundation.com
"PGH Medical Foundation, Inc.",Health–public/community,10/23/2021,02/21/2023, www.pghmedfoundation.com
"PHAPCares Foundation, Inc.",Health–public/community,08/05/2021,08/28/2024, www.phapcares.org
"Phil-Asia Assistance Foundation, Inc.",SocialWelfareandDevelopment,02/22/2021,12/10/2023, www.philasia.org
"Philam Foundation, Inc.",Education-SupportsFormalSchools/Students,09/27/2020,02/22/2022, www.philamlife.com
"Philippine Academy of Rehabilitation Medicine, Rehabilitation Advocacy, Research and Education (PARM-RARE) Foundation, Inc.",Health–public/community,01/06/2021,01/06/2021, parm.org.ph
"Philippine Bible Society, Inc.",Religious,08/31/2020,01/23/2022, www.bible.org.ph
"Philippine Business for Social Progress, Inc.",SocialWelfareandDevelopment,12/31/2020,12/31/2020, www.pbsp.org.ph
"Philippine Cancer Society, Inc.",Health–public/community,12/06/2020,08/02/2021, www.philcancer.org.ph
"Philippine Center for Population and Development, Inc.",Research,05/19/2019,, http://www.pcpd.ph
"Philippine Cultural College, Inc.",Education-FormalSchool,09/24/2020,09/24/2020, www.philippineculturalcollege.edu.ph
"Philippine Disaster Resilience Foundation, Inc. (form. Phil. Disaster Recovery Foundation)",DisasterReliefand/orRehabilitation,12/31/2020,07/25/2023, www.pdrf.org
"Philippine Eagle Conservation Program Foundation, Inc.",Environment/Biodiversity,08/04/2022,08/04/2022, www.philippineeagle.org
"Philippine Institute of Certified Public Accountants Foundation, Inc.",Education-SupportsFormalSchools/Students,07/15/2020,07/24/2022,
"Philippine Jesuit Aid Association, Inc.",Others,07/24/2020,04/26/2022, www.phjesuits.org
"Philippine Jesuit Prison Service Foundation, Inc.",SocialWelfareandDevelopment,10/28/2021,08/28/2024, www.philippinejesuitprisonservice.org
"Philippine S & T Development Foundation-Manila, Inc.",Education-SupportsFormalSchools/Students,05/20/2022,09/26/2023,
"Philippine Science High School Foundation, Inc.",Education-FormalSchool,03/01/2021,03/01/2021,
"Philippine Sugar Research Institute Foundation, Inc. (PHILSURIN)",Research,07/02/2020,01/22/2025,
"Philippine Tuberculosis Society, Inc.",Health–specialized,03/06/2020,07/26/2020, www.ptsi.org.ph
"PHILSAGA High School Foundation, Inc.",Education-FormalSchool,12/15/2022,12/15/2022,
"Philseven Foundation, Inc.",Education–Non-Formal/ALS,07/18/2021,07/18/2021, www.philseven.com
"PHINMA Foundation, Inc.",Education-SupportsFormalSchools/Students,03/08/2021,01/23/2022, www.phinmafoundation.org
"Philippine K9 Search and Rescue Foundation, Inc.",Education–Technical/Vocational,09/12/2014,N/A,
"Philippine National Police Foundation, Inc.",SocialWelfareandDevelopment,02/22/2024,02/22/2024, http://www.pnpfoundation.org/
"Philippine Organized Workforce for Economic Recovery Foundation (Power Foundation), Inc.",Education–Technical/Vocational,06/13/2021,06/13/2021,
"Philippine Province of the Good Shepherd, Inc.",Religious,04/19/2020,08/23/2022, www.goodshepherdsisters.org.ph
"Philippine Relief and Development Services (PHILRADS), Inc.",DisasterReliefand/orRehabilitation,06/06/2020,06/06/2020, www.philrads.org
"Physicians for Peace Philippines, Inc",Health–public/community,06/22/2022,06/26/2022, www.physiciansforpeace.ph
"Pilipinas Shell Foundation, Inc.",SocialWelfareandDevelopment,04/05/2022,04/05/2022, www.pilipinasshellfoundation.org
"Pilipinas Una sa Lahat (Cebu) Foundation, Inc.",Education-SupportsFormalSchools/Students,08/15/2019,08/28/2022,
"Pioneer Foundation, Inc.",Education-SupportsFormalSchools/Students,08/27/2021,06/27/2023, www.pioneer.com.ph
"PLDT-Smart Foundation, Inc.",SocialWelfareandDevelopment,12/31/2020,02/26/2025, pldtsmartfoundation.org.
"Pondong Batangan Community Foundation, Inc.",Education-SupportsFormalSchools/Students,10/08/2020,12/06/2021, www.archlipa.org
"President Emilio Aguinaldo Medical Foundation, Inc.",Health–public/community,,11/12/2022,
"Primary Structures Educational Foundation, Inc.",Education–Technical/Vocational,12/31/2020,02/26/2025, www.skills.com.ph
"PRO-LIFE Philippines Foundation, Inc.",Others,07/15/2020,07/15/2020, prolife.org.ph
"PSC Foundation, Inc.",SocialWelfareandDevelopment,09/22/2019,09/22/2019,
"PTC CSJ Foundation, Inc.",SocialWelfareandDevelopment,12/15/2020,12/15/2020, www.ptccsj.org.ph
"Punta Fuego Village Foundation, Inc.",Education-SupportsFormalSchools/Students,08/27/2021,08/27/2021,
"Radio Mindanao Network Foundation, Inc.",Education-SupportsFormalSchools/Students,10/23/2020,11/12/2020, https://rmn.ph/foundation/
"Ralph Edmund Spencer Foundation, Inc.",SocialWelfareandDevelopment,11/07/2020,11/07/2020, matlingindustrial.com
"Ramon Aboitiz Foundation, Inc.",SocialWelfareandDevelopment,07/09/2020,06/22/2021, www.rafi.org.ph
"RC Manila Foundation, Inc.",SocialWelfareandDevelopment,12/11/2019,12/10/2020, https://rcmanila.org/rcmfi/
"RD Foundation, Inc.",SocialWelfareandDevelopment,11/09/2021,11/09/2021, www.rdfoundation.org.ph
"Sister Clarette-Rosario Foundation, Inc.",SocialWelfareandDevelopment,09/30/2021,09/30/2021, www.scrfi.com
"SM Foundation, Inc.",SocialWelfareandDevelopment,06/15/2020,06/15/2020, www.sm-foundation.org
"SMCGP Philippines Power Foundation, Inc.",Education-SupportsFormalSchools/Students,12/11/2019,12/10/2022,
"Smile Train Philippines Foundation, Inc.",Health–public/community,10/15/2020,10/15/2020, https://www.smiletrain.ph/
"Sociedad Española de Beneficencia, Inc.",Others,12/31/2020,12/31/2020, www.sociedadespanoladebeneficencia.org
"Soil and Water Conservation Foundation, Inc.",Environment/Biodiversity,09/25/2018,03/20/2023, www.soilwatercebu.org
"Sr. Baptista Battig Music Foundation, Inc.",Others,05/08/2024,05/08/2024, ssc.edu.ph/battig
"St. James COPA Foundation, Inc.",Religious,08/06/2020,08/06/2020,
"St. John’s Institute of Bacolod City, Inc.",Education-FormalSchool,03/31/2020,03/31/2020,
"St. Joseph Foundation, Inc.",Others,08/15/2020,10/24/2023,
"St. Joseph School – La Salle (Bacolod), Inc.",Education-FormalSchool,10/28/2020,10/28/2020, www.sjslsbacolod.org
"St. Luke’s Medical Center Foundation, Inc.",Health–public/community,05/27/2021,10/24/2021, stlukesmedicalcenterfoundation.org
"Ruben M. Tanseco, S.J. Center for Family Ministries Foundation, Inc.",Education–Non-Formal/ALS,06/28/2021,06/28/2021, www.cefam.ph
"Safer River, Life Saver Foundation, Inc.",Environment/Biodiversity,10/22/2021,08/23/2022, http://ssls.liceo.edu.ph
"Saint Martin de Porres Center, Inc.",SocialWelfareandDevelopment,10/06/2020,10/06/2020,
"Saklolo at Gabay ng Ina at Pamilya (SAGIP), Inc.",SocialWelfareandDevelopment,03/12/2020,03/12/2020,
"San Antonio Formation and Enhancement Center, Inc.",SocialWelfareandDevelopment,02/27/2020,02/26/2023,
"San Beda College Alumni Foundation, Inc.",Others,06/02/2021,06/02/2021, sanbedaalumni.org
"San Beda College Benedictine Educational Foundation, Inc.",Education-SupportsFormalSchools/Students,05/20/2022,06/26/2022, https://www.sanbeda.edu.ph/category/post/benedictine-foundation
"San Lorenzo Ruiz Charity (SJDMC), Inc.",Education-SupportsFormalSchools/Students,02/27/2020,02/26/2021, www.sanlorenzoruizcharity.org
"San Miguel Foundation, Inc.",SocialWelfareandDevelopment,06/26/2020,06/27/2023, www.sanmiguel.com.ph
"San Roque Power Foundation, Inc.",SocialWelfareandDevelopment,12/15/2022,12/15/2022,
Sanctuario Nature Farms Corp.,EnterpriseDevelopment/Livelihood,06/02/2021,05/01/2022, https://www.facebook.com/sanctuarionaturefarms
"Sanctus Vincensus Scholarship Foundation, Inc.",Education-SupportsFormalSchools/Students,06/15/2020,06/15/2020, www.spc-ormoc.edu.ph
"REACH, Inc. (Resources Employment and Community Horizons, Inc.)",SocialWelfareandDevelopment,08/21/2021,08/21/2021,
"RealLife Foundation, Inc.",Education-SupportsFormalSchools/Students,09/28/2020,05/09/2021, https://www.reallife.ph/
"Regina Rica Foundation, Inc.",SocialWelfareandDevelopment,11/21/2019,05/24/2022, www.reginarica.org
"Reintegration for Care & Wholeness (RCW) Foundation, Inc.",SocialWelfareandDevelopment,03/06/2022,05/01/2024,
"Repertory Philippines Foundation, Inc.",CultureandArts,12/11/2019,12/10/2022, www.repertoryphilippines.ph
"Resorts World Philippines Cultural Heritage Foundation, Inc.",Education-SupportsFormalSchools/Students,08/15/2021,08/15/2021,
"Resources for the Blind, Inc.",Education–Non-Formal/ALS,08/10/2020,08/10/2020, www.blind.org.ph
"Rise Against Hunger Philippines, Inc.",SocialWelfareandDevelopment,02/14/2021,02/14/2021, www.riseagainsthunger.org.ph
"Ronald McDonald House Charities of the Philippines, Inc.",SocialWelfareandDevelopment,08/05/2024,08/05/2024, www.mcdonalds.com.ph
"Rotary Club of Makati, Inc.",Education-SupportsFormalSchools/Students,06/26/2020,09/25/2022, www.makatirotary.org
"Roxas Foundation, Inc.",SocialWelfareandDevelopment,05/25/2018,12/10/2020,
"RTN Foundation, Inc.",Education-SupportsFormalSchools/Students,09/13/2021,01/23/2024,
"Save Palawan Seas Foundation, Inc.",Environment/Biodiversity,02/12/2020,08/23/2020, www.savepalawanseasfoundation.org
"SCTAN Foundation, Inc.",SocialWelfareandDevelopment,02/15/2020,03/20/2023,
"Security Bank Foundation, Inc.",Others,12/31/2020,12/31/2020, www.securitybank.com
"Senators Gaudencio and Magnolia Antonino Foundation, Inc.",Education-SupportsFormalSchools/Students,11/15/2020,12/12/2021,
"SGV Foundation, Inc.",SocialWelfareandDevelopment,08/28/2020,08/28/2020, sgvfoundatioin.com.ph
"Shepherd’s Voice Radio and Television Foundation, Inc.",Religious,12/15/2020,12/15/2020,
"Shining Light Foundation, Inc.",Health–public/community,06/22/2020,12/12/2021, http://shininglightfoundation.com/
"Sikat Solar Challenge Foundation, Inc.",Research,01/02/2021,08/28/2022, www.philsolarchallenge.org
Silliman University,Education-FormalSchool,08/28/2020,08/28/2020, www.su.edu.ph
"Silsilah Foundation, Inc.",CommunityBuilding/Development,05/15/2020,05/15/2020,
"Simbahang Lingkod  ng Bayan, Inc.",SocialWelfareandDevelopment,03/17/2019,01/25/2022, www.slb.ph
"Simbayanan ni Maria Community Foundation, Inc.",SocialWelfareandDevelopment,05/15/2021,05/01/2022, https://simbayanancoop.org/
"St. Stephen’s High School, Inc.",Education-FormalSchool,02/27/2020,02/26/2023, www.sshs.edu.ph
"St. Teresita’s Academy of Aritao, Inc.",Education-FormalSchool,06/13/2021,06/13/2021,
"Stairway Foundation, Inc.",SocialWelfareandDevelopment,06/13/2021,06/13/2021,
"Steps Dance Studio Scholarship Foundation, Inc.",CultureandArts,04/05/2020,04/05/2020,
"Students’ Transformation and Enrichment for Truth-Values Integration and Promotion (STET-VIP), Inc.",Education-SupportsFormalSchools/Students,11/20/2020,11/20/2020, www.stetvip.org
"Sugbu Chinese Heritage Museum Foundation, Inc.",CultureandArts,08/04/2020,08/04/2020, www.facebook.com/SugbuChineseHeritageMus
"Sun Life Financial-Philippines Foundation, Inc.",SocialWelfareandDevelopment,06/17/2020,06/17/2020, https://www.sunlife.com.ph/PH/About+us/Sun+Life+Foundation
"Sunwest Care Foundation, Inc.",SocialWelfareandDevelopment,08/30/2020,08/30/2020,
"Synergeia Foundation, Inc.",CommunityBuilding/Development,09/04/2022,03/20/2023, www.synergeia.org.ph
"Tahanan ng Pagmamahal Children’s Home, Inc.",SocialWelfareandDevelopment,11/07/2022,01/22/2023,
"Tan Yan Kee Foundation, Inc.",SocialWelfareandDevelopment,05/07/2020,05/07/2020, www.tanyankee.org
"Tanggol Kalikasan, Inc.",Environment/Biodiversity,04/12/2023,10/24/2023, www.tanggolkalikasan.org
"The Foundation for Professional Training, Inc.",Education–Technical/Vocational,06/06/2022,06/06/2022,
"The Learning Center, Inc.",Education-SupportsFormalSchools/Students,02/20/2022,02/20/2022, https://www.facebook.com/tlcinc75/
"The Mariposa Foundation, Inc.",Others,06/22/2020,06/27/2023,
"The Philippine Foundation for Cultural and Educational Development, Inc.",CommunityBuilding/Development,08/17/2020,06/27/2023,
"The Ramakrishna Vedanta Society of the Philippines, Inc.",Religious,10/15/2020,10/15/2020, www.vedanta-philippines.org
"The U.P. Medical Foundation, Inc.",Education-SupportsFormalSchools/Students,08/19/2020,10/25/2022,
"The University of the Philippines Foundation, Inc.",Others,10/29/2021,10/29/2021, upfoundation.org
"The Zuellig Family Foundation, Inc.",SocialWelfareandDevelopment,10/28/2020,10/28/2020, www.zuelligfoundation.org
"TORM Philippines Education Foundation, Inc.",Education-SupportsFormalSchools/Students,02/07/2022,11/12/2022,
"Toyota Motor Philippines School of Technology, Inc. Doing Business Under the Name and Style of TMP Tech",Education–Technical/Vocational,05/29/2020,02/21/2023,
"Tropical Disease Foundation, Inc.",Research,05/29/2020,06/26/2022, www.tmptech.edu.ph
"Tuason Development Foundation, Inc.",SocialWelfareandDevelopment,05/16/2021,12/12/2021,
"Tanging Yaman Foundation, Inc.",SocialWelfareandDevelopment,12/31/2020,08/22/2021, www.tangingyaman.org
"Tany Foundation, Inc.",Others,06/22/2020,09/27/2022, facebook.com/TanyFoundation/
"Tarlac Heritage  Foundation, Inc.",CultureandArts,01/25/2020,01/25/2020,
"Teach for the Philippines, Inc.",Education–Non-Formal/ALS,12/14/2021,12/14/2021, www.teachforthephilippines.org
"Team Energy Foundation, Inc.",Environment/Biodiversity,03/21/2022,03/21/2022, http://www.teamenergy.ph/csr01.php
"The Andres Soriano Foundation, Inc.",SocialWelfareandDevelopment,12/20/2021,06/28/2022, www.anscor.com.ph/foundation/foundation.
"The Bank of the Philippine Islands Foundation, Inc.",CommunityBuilding/Development,03/08/2021,11/12/2024, www.bpifoundation.org
"The Beacon Academy, Inc.",Education-FormalSchool,12/14/2021,12/14/2021, www.beaconacademy.ph
"The Cancer Resource and Wellness (Carewell) Community Foundation, Inc.",Health–specialized,05/26/2022,12/10/2024, www.carewellcommunity.org
"The Center for Art, New Ventures & Sustainable Development Corp. (CANVAS)",CultureandArts,01/06/2021,01/06/2021, http://www.canvas.ph/
"The Eye Bank Foundation of the Philippines, Inc.",Health–specialized,02/27/2020,02/26/2025, https://eyebankphil.org/
"The Forum for Family Planning and Development, Inc.",Health–specialized,10/15/2020,10/15/2020, http://forumforfp.org/
"Tulay ng Kabataan Foundation, Inc.",SocialWelfareandDevelopment,12/27/2021,11/12/2022, tnkfoundation.org
"Tulong Medikal at Gabay Aral ng Sustamina (TUMBAS) Foundation, Inc.",Education-SupportsFormalSchools/Students,12/04/2020,11/12/2022,
"Tuloy Foundation, Inc.",SocialWelfareandDevelopment,11/11/2018,12/06/2021, www.tuloy.org
"U.P. Business Research Foundation, Inc.",Research,09/26/2021,07/24/2024,
"U.P. Engineering Research & Dev’t. Foundation, Inc.",Research,02/18/2020,02/18/2020,
"UCPB-CIIF Foundation, Inc.",Education-SupportsFormalSchools/Students,03/31/2022,06/27/2023, www.cocofoundation.com
"Unilab Foundation, Inc.",Health–public/community,08/30/2022,08/30/2022, www.unilabfoundation.org
"Union Church of Manila Philippines Foundation, Inc.",Education-SupportsFormalSchools/Students,07/07/2020,07/07/2020, www.ucmphilfoundation.org
"United Bayanihan Foundation, Inc.",SocialWelfareandDevelopment,08/28/2020,08/28/2020,
"United Neon Foundation, Inc.",CommunityBuilding/Development,05/15/2022,06/26/2022,
"University of Asia and the Pacific Foundation, Inc.",Education-FormalSchool,03/06/2023,03/06/2023, www.uap.asia
University of San Carlos,Education-FormalSchool,09/17/2019,11/12/2024, www.usc.edu.ph
"University of San Carlos-Water Resources Center Foundation, Inc.",Environment/Biodiversity,06/27/2019,06/26/2022, www.mail.usc.edu.ph
"University of San Jose-Recoletos, Inc.",Education-FormalSchool,11/08/2023,11/08/2023, www.usjr.edu.ph
"University of Southern Philippines Foundation, Inc.",Education-FormalSchool,11/20/2022,11/20/2022, www.uspd.edu.ph
"University of St. La Salle, Inc.",Education-FormalSchool,06/02/2021,06/02/2021, www.usls.edu.ph
"University of the Assumption, Inc.",Education-FormalSchool,09/10/2022,09/10/2022, www.ua.edu.ph
"University of the Philippines College of Law Alumni Foundation, Inc. aka U.P. Law Alumni Foundation",Others,02/11/2021,08/28/2022,
"University of the Philippines Los Baños Foundation, Inc.",Research,12/11/2019,12/10/2024, www.uplbfi.org
"University of the Philippines Medical Alumni Foundation, Inc. (UPMAF)",Others,07/29/2020,05/15/2021, www.upmaf.com
"Uplift Cares Global Movement Foundation, Inc.",SocialWelfareandDevelopment,04/05/2022,04/05/2022, https://www.upliftcares.com/
"UST Research and Endowment Foundation, Inc.",Research,03/26/2020,09/27/2020,
"Uygongco Foundation, Inc.",SocialWelfareandDevelopment,03/31/2020,02/26/2025, https://ufi.lafilgroup.com/
"Vicsal Foundation, Inc.",SocialWelfareandDevelopment,11/11/2021,11/11/2021, http://vicsalfoundation.com/
"Visions of Hope Foundation, Inc.",SocialWelfareandDevelopment,07/29/2022,03/20/2023, www.cct.org.ph
"Vivant Foundation, Inc.",Education–Technical/Vocational,08/15/2021,08/15/2021,
"WeatherPhilippines Foundation, Inc.",Environment/Biodiversity,03/02/2022,03/02/2022, www.weatherph.org
"Welcome Home Foundation, Inc.",SocialWelfareandDevelopment,03/22/2021,07/26/2022, www.whfi.ph
"White Cross, Inc.",SocialWelfareandDevelopment,08/07/2020,02/27/2022, www.whitecross.ph
"Wong Chu King Foundation, Inc.",Education-SupportsFormalSchools/Students,01/23/2020,01/22/2023, https://wckfoundation.org/
"World Vision Development Foundation, Inc.",SocialWelfareandDevelopment,08/28/2020,08/28/2020, www.worldvision.org.ph
"WS Family Foundation, Inc.",Others,11/08/2020,12/10/2022,
"Xavier School (also known as Kuang Chi School), Inc.",Education-FormalSchool,11/07/2022,11/07/2022, xs.edu.ph
"Xavier School Educational and Trust Fund, Inc.",Education-SupportsFormalSchools/Students,10/11/2021,10/11/2021,
"Yakap sa Kaunlaran ng Bata, Inc.",SocialWelfareandDevelopment,08/15/2021,08/15/2021,
"Young Men’s Christian Association of Makati (Rizal), Inc.",CommunityBuilding/Development,11/07/2020,11/07/2020, ymcamakati.com
"ZCHHHS Foundation, Inc.",Education-SupportsFormalSchools/Students,06/17/2020,06/17/2020,
